{
  "best_model": "Logistic Regression",
  "models": {
    "Logistic Regression": {
      "accuracy": 0.9201759899434317,
      "precision": 0.9202908686714754,
      "recall": 0.9201759899434317,
      "f1_weighted": 0.9202295298537073,
      "f1_macro": 0.9200196670847212,
      "roc_auc": 0.9924343598013523,
      "cv_mean": 0.9211551241392876,
      "cv_std": 0.0053864608255841705
    },
    "Random Forest": {
      "accuracy": 0.8937774984286612,
      "precision": 0.8951552059527838,
      "recall": 0.8937774984286612,
      "f1_weighted": 0.8942959343769397,
      "f1_macro": 0.893999400064604,
      "roc_auc": 0.9864339735524473,
      "cv_mean": 0.8945423288391463,
      "cv_std": 0.0033595632396956183
    },
    "SVM": {
      "accuracy": 0.9185417976115651,
      "precision": 0.9186490303279203,
      "recall": 0.9185417976115651,
      "f1_weighted": 0.9185874086124647,
      "f1_macro": 0.9183665603238093,
      "roc_auc": 0.9920117249226161,
      "cv_mean": 0.9187261507779892,
      "cv_std": 0.005535704565958994
    },
    "Gradient Boosting": {
      "accuracy": 0.8923947203016971,
      "precision": 0.8952994989001609,
      "recall": 0.8923947203016971,
      "f1_weighted": 0.8933116059888693,
      "f1_macro": 0.8930171732475327,
      "roc_auc": 0.9865130782685336,
      "cv_mean": 0.8957248444422676,
      "cv_std": 0.004322305814166767
    }
  }
}